,0-8 ft rate,0-8 ft %,8-16 ft rate,8-16 ft %,16-24 ft rate,16-24 ft %,3P rate,3P %
Pro A,41.72,61.17,12.91,40.45,6.08,39.19,39.29,34.24
Eurocup,43.42,62.543,13.352,36.426,3.733,38.3,39.495,35.71
Euroleague,40.84125396,61.11054404,14.16958479,38.30538394,4.210438553,38.91089109,40.77872269,36.72050705
G-League,47.79165933,57.9948925,9.516100651,37.85601266,4.332218898,36.89497717,38.36002112,33.85321101
NBA,43.77751946,59.30534419,13.05435204,42.70361991,6.150269471,40.81632653,37.01785903,35.55048054